<?xml version="1.0" encoding="UTF-8"?>
<project-private xmlns="http://www.netbeans.org/ns/project-private/1">
    <editor-bookmarks xmlns="http://www.netbeans.org/ns/editor-bookmarks/2" lastBookmarkId="0"/>
    <open-files xmlns="http://www.netbeans.org/ns/projectui-open-files/2">
        <group>
            <file>file:/C:/Users/vnara/OneDrive/Escritorio/ULP/Laboratorio_de_Programacion/TP_Proyecto_Trasversal_Parte_2/Cristian_Rivero/Proyecto/Proyecto/src/Vistas/VistaAlumnosXMaterias.java</file>
            <file>file:/C:/Users/vnara/OneDrive/Escritorio/ULP/Laboratorio_de_Programacion/TP_Proyecto_Trasversal_Parte_2/Cristian_Rivero/Proyecto/Proyecto/src/Vistas/VistaUniversidad.java</file>
            <file>file:/C:/Users/vnara/OneDrive/Escritorio/ULP/Laboratorio_de_Programacion/TP_Proyecto_Trasversal_Parte_2/Cristian_Rivero/Proyecto/Proyecto/src/Vistas/VistaManipulacionDeNotas.java</file>
            <file>file:/C:/Users/vnara/OneDrive/Escritorio/ULP/Laboratorio_de_Programacion/TP_Proyecto_Trasversal_Parte_2/Cristian_Rivero/Proyecto/Proyecto/src/Vistas/VistaFormularioMaterias.java</file>
            <file>file:/C:/Users/vnara/OneDrive/Escritorio/ULP/Laboratorio_de_Programacion/TP_Proyecto_Trasversal_Parte_2/Cristian_Rivero/Proyecto/Proyecto/src/Vistas/VistaFormularioInscripciones.java</file>
            <file>file:/C:/Users/vnara/OneDrive/Escritorio/ULP/Laboratorio_de_Programacion/TP_Proyecto_Trasversal_Parte_2/Cristian_Rivero/Proyecto/Proyecto/src/Vistas/VistaFormularioAlumnos.java</file>
            <file>file:/C:/Users/vnara/OneDrive/Escritorio/ULP/Laboratorio_de_Programacion/TP_Proyecto_Trasversal_Parte_2/Cristian_Rivero/Proyecto/Proyecto/src/AccesoADatos/Conexion.java</file>
            <file>file:/C:/Users/vnara/OneDrive/Escritorio/ULP/Laboratorio_de_Programacion/TP_Proyecto_Trasversal_Parte_2/Cristian_Rivero/Proyecto/Proyecto/src/AccesoADatos/MateriaData.java</file>
            <file>file:/C:/Users/vnara/OneDrive/Escritorio/ULP/Laboratorio_de_Programacion/TP_Proyecto_Trasversal_Parte_2/Cristian_Rivero/Proyecto/Proyecto/src/AccesoADatos/AlumnoData.java</file>
            <file>file:/C:/Users/vnara/OneDrive/Escritorio/ULP/Laboratorio_de_Programacion/TP_Proyecto_Trasversal_Parte_2/Cristian_Rivero/Proyecto/Proyecto/src/AccesoADatos/InscripcionData.java</file>
        </group>
    </open-files>
</project-private>
